3445930	3446737	12
3456005	3456524	29
3457032	3457778	6
3457853	3457890	6
3458020	3461323	29
3458057	3458548	0
3461459	3462702	29
3462449	3462810	6
3462944	3465667	29
3464189	3464550	6
3465869	3466290	6
3466896	3470477	29
3467609	3467910	6
3468869	3469230	6
3470369	3470790	6
3471471	3475069	29
3471749	3472110	6
3473429	3473790	6
3473992	3474402	0
3474689	3475170	6
3476234	3479809	29
3476429	3476730	6
3477449	3477870	6
3479069	3479550	6
3480567	3480613	7
3480721	3480769	7
3480730	3480740	15
3480777	3484772	16
3480799	3481579	26
3480802	3480806	25
3480965	3481204	25
3481087	3484672	29
3481197	3481875	0
3481226	3481282	13
3481245	3484433	9
3481283	3481284	13
3481285	3481291	13
3481292	3481295	13
3481392	3481435	7
3481424	3481495	25
3481547	3481645	13
3481562	3481565	25
3481618	3482247	1
3481678	3481740	10
3481685	3484651	22
3481719	3481767	7
3481734	3481735	15
3481736	3481737	15
3481738	3481739	15
3481740	3481742	15
3481743	3481745	15
3481746	3481757	15
3481798	3481800	8
3481919	3483544	26
3482209	3482218	8
3482309	3482514	6
3482422	3482468	7
3482568	3482737	10
3482581	3482654	13
3482630	3482702	6
3482637	3483046	12
3482655	3482662	13
3482663	3482665	13
3482666	3482668	13
3482761	3484927	0
3482817	3482818	8
3482881	3482946	6
3483043	3483047	13
3483048	3483049	13
3483143	3483204	6
3483338	3483409	25
3483405	3483468	6
3483653	3484744	26
3483668	3483732	6
3483882	3483887	25
3484061	3484062	25
3484465	3484765	9
3484635	3484641	8
3484698	3484704	25
3484834	3484840	16
3485189	3485337	6
3485446	3485516	6
3485545	3489143	29
3485681	3485742	6
3485924	3485983	6
3486172	3486269	6
3486536	3486597	6
3486797	3486866	6
3487070	3487131	6
3488249	3488417	6
3488538	3488610	6
3488780	3488843	6
3489031	3489096	6
3489293	3489356	6
3489547	3489605	6
3489787	3489859	6
3490058	3490124	6
3490324	3490387	6
3490471	3494066	29
3490580	3490643	6
3490835	3490893	6
3491085	3491130	6
3492089	3492253	6
3492315	3492750	0
3492379	3492449	6
3492622	3492690	6
3492883	3492941	6
3493128	3493186	6
3493366	3493432	6
3493627	3493689	6
3493876	3493944	6
3494139	3494206	6
3494404	3494469	6
3494665	3494727	6
3494920	3494980	6
3495167	3495230	6
3495423	3495492	6
3495497	3499076	29
3495695	3495755	6
3495969	3496031	6
3496231	3496290	6
3496483	3496556	6
3496770	3496827	6
3497016	3497074	6
3497261	3497322	6
3497509	3497569	6
3497761	3497821	6
3498007	3498065	6
3498250	3498313	6
3498509	3498572	6
3498765	3498826	6
3499018	3499077	6
3499270	3499329	6
3499522	3499579	6
3499766	3499827	6
3500023	3500083	6
3500279	3500343	6
3500541	3500604	6
3500602	3504179	29
3500801	3500863	6
3501057	3501119	6
3501314	3501376	6
3501569	3501627	6
3501819	3501889	6
3502099	3502165	6
3502371	3502433	6
3502630	3502689	6
3502883	3502947	6
3503149	3503216	6
3503416	3503494	6
3503714	3503775	6
3503981	3504039	6
3504231	3504292	6
3504489	3504555	6
3504763	3504827	6
3505035	3505089	6
3505285	3505341	6
3505532	3505598	6
3505714	3509309	29
3505801	3505867	6
3506069	3506135	6
3506338	3506402	6
3506603	3506670	6
3506879	3506941	6
3507143	3507204	6
3507398	3507462	6
3507660	3507722	6
3507917	3507979	6
3508176	3508239	6
3508872	3509247	0
3509849	3510027	6
3510140	3510203	6
3510363	3510433	6
3510628	3510695	6
3510831	3514411	29
3510898	3510962	6
3511164	3511232	6
3511440	3511508	6
3511718	3511785	6
3511989	3512050	6
3513449	3513619	6
3513745	3513805	6
3513972	3514038	6
3514241	3514308	6
3514513	3514576	6
3514784	3514853	6
3515061	3515124	6
3515984	3519574	29
3516509	3516694	6
3516817	3516886	6
3517065	3517133	6
3517338	3517400	6
3517604	3517667	6
3517871	3517929	6
3518130	3518190	6
3518388	3518430	6
3519749	3519944	6
3520073	3520140	6
3520317	3520388	6
3520590	3520654	6
3520849	3520911	6
3521103	3521171	6
3521179	3524764	29
3521432	3537641	27
3521483	3523434	9
3521581	3522366	26
3521682	3521725	13
3521683	3521738	12
3521736	3521739	13
3521746	3521747	13
3521778	3536233	11
3521896	3522414	0
3522012	3522032	8
3522069	3522089	8
3522173	3522177	8
3522192	3522196	8
3522218	3522220	8
3522239	3522282	8
3522251	3522295	10
3522269	3522424	6
3522282	3522322	8
3522323	3522439	8
3522447	3522453	8
3522471	3522472	8
3522518	3523439	26
3522545	3522616	6
3522749	3522758	8
3522766	3522801	13
3522790	3522858	6
3522791	3523012	12
3522802	3522804	13
3522805	3522807	13
3522890	3524214	0
3523006	3523008	13
3523010	3523012	12
3523060	3523122	6
3523063	3523124	10
3523264	3523265	25
3523268	3523270	25
3523321	3523386	6
3523442	3523448	14
3523449	3537941	16
3523455	3523460	8
3523508	3523562	10
3523592	3536142	18
3523593	3523659	6
3523607	3523621	9
3523863	3523927	6
3524129	3524191	6
3524411	3524464	26
3524449	3524454	25
3525389	3525537	6
3525649	3525718	6
3525882	3525957	6
3526168	3526235	6
3526238	3529837	29
3526448	3526503	6
3526692	3526750	6
3526788	3526793	8
3526939	3527001	6
3527188	3527261	6
3527477	3527545	6
3527675	3527686	9
3527759	3527821	6
3528016	3528083	6
3528129	3528934	9
3528989	3529130	6
3529249	3529313	6
3529481	3529536	6
3529715	3529785	6
3529991	3530053	6
3530248	3530330	6
3530469	3530715	26
3530564	3530640	6
3530678	3530694	25
3530861	3530925	6
3530872	3531282	0
3531117	3531188	6
3531379	3531506	26
3531389	3531463	6
3531410	3531458	13
3531412	3531414	25
3531420	3534999	29
3531671	3531737	6
3531889	3531948	10
3531890	3531891	8
3531929	3531934	8
3531930	3531987	6
3531965	3532026	10
3532056	3532117	10
3532172	3532242	6
3532258	3532261	8
3532262	3532264	8
3532279	3532284	8
3532441	3532507	6
3532702	3532775	6
3532977	3533033	6
3533052	3533303	8
3533219	3533283	6
3533305	3533317	8
3533335	3533991	0
3533388	3533447	8
3533472	3533533	6
3533487	3533548	8
3533719	3533781	6
3533968	3534034	6
3534164	3534406	9
3534226	3534289	6
3534479	3534554	6
3534583	3535307	9
3534758	3534837	6
3535051	3535181	26
3535054	3535124	6
3535092	3535191	13
3535105	3535157	25
3535329	3535389	6
3535578	3535643	6
3535629	3535651	25
3535631	3535764	26
3535685	3535734	25
3535736	3535746	25
3535770	3536277	0
3535779	3535790	26
3535796	3535833	9
3535836	3535902	6
3536094	3536160	6
3536106	3536107	18
3536109	3536110	18
3536298	3539892	29
3536349	3536410	6
3536454	3536700	26
3536457	3536516	25
3536597	3536659	6
3536635	3536659	25
3536843	3536906	6
3537093	3537169	6
3537381	3537442	6
3537626	3537657	14
3537634	3537698	6
3537642	3537650	27
3537663	3537951	3
3537708	3544289	6
3537794	3537920	26
3537794	3537930	9
3537819	3537863	13
3537822	3537827	25
3537864	3537865	13
3537927	3538315	0
3541316	3544902	29
3542411	3571019	28
3546404	3550003	29
3547769	3548249	6
3549269	3549749	6
3550769	3551069	6
3551476	3552676	29
3551789	3552269	6
3552809	3554114	29
3553169	3553649	6
3553470	3553796	0
3554363	3557048	29
3554549	3555149	6
3556229	3556829	6
3557789	3558389	6
3558124	3561708	29
3559349	3559949	6
3560909	3561569	6
3562349	3562829	6
3562800	3566390	29
3563729	3564449	6
3565349	3565829	6
3566367	3569718	26
3566466	3566536	13
3566472	3566486	25
3566537	3566539	13
3566540	3566548	13
3566549	3566550	13
3566578	3566619	25
3566638	3567480	12
3566718	3568084	0
3567089	3567749	6
3567601	3570972	9
3567640	3571222	29
3567907	3567939	13
3567939	3567981	25
3567994	3568019	25
3568090	3569193	0
3568117	3568179	10
3568123	3568619	22
3568516	3568524	8
3568545	3568554	8
3568782	3568828	7
3569041	3569162	13
3569095	3569247	25
3569163	3569165	13
3569167	3569168	13
3569199	3569857	0
3569254	3569404	12
3569518	3569638	10
3569641	3569650	25
3569643	3569663	10
3569862	3573019	0
3570040	3570356	26
3570187	3570189	25
3570726	3570733	8
3570760	3570774	25
3570894	3570989	16
3570944	3570979	13
3570946	3570951	25
3570980	3570981	13
3570982	3570983	13
3572185	3575782	29
3577202	3578645	28
3577207	3580795	29
3580027	3580514	0
3582526	3586106	29
3585030	3585622	28
3587926	3589318	28
3587961	3591539	29
3591772	3593253	28
3593490	3597090	29
3594503	3594921	0
3595960	3597670	28
3598994	3602583	29
3599118	3612238	28
3604540	3608133	29
3606721	3608394	9
3606828	3609286	26
3606968	3621788	27
3607012	3607023	8
3607024	3619215	11
3607087	3607125	10
3607564	3607567	8
3607930	3607938	8
3607951	3607953	8
3608228	3608733	3
3608246	3609389	6
3608282	3608328	7
3608330	3608375	7
3608425	3609349	9
3608463	3608508	7
3608677	3608718	7
3608678	3608688	15
3608689	3608696	15
3608717	3608761	13
3608719	3608721	7
3608722	3608723	7
3608724	3608726	7
3608758	3609030	12
3608834	3611634	0
3608887	3608973	8
3608974	3608975	8
3608976	3608995	8
3609001	3609002	8
3609022	3609023	8
3609028	3609219	8
3609346	3621936	16
3609369	3609398	3
3609673	3609732	10
3609799	3613387	29
3609923	3610104	8
3610508	3618849	22
3610648	3611189	6
3610772	3610836	8
3611071	3611135	8
3611166	3611227	10
3611254	3611566	10
3611443	3611445	8
3611489	3611530	8
3611537	3616266	18
3611581	3611602	10
3611615	3612179	10
3611815	3611829	9
3611927	3611945	8
3612091	3612095	8
3612170	3612172	8
3612196	3612199	8
3612223	3612580	10
3612324	3612339	8
3612328	3612929	6
3612355	3612358	8
3612452	3612455	8
3612556	3612559	8
3612781	3612784	8
3612986	3612989	8
3613095	3613113	26
3613312	3613314	8
3613338	3613791	0
3613779	3613785	8
3613898	3613901	8
3613948	3614729	6
3614003	3614010	26
3614251	3617558	29
3614330	3614333	8
3614502	3614504	8
3614565	3614569	8
3614715	3614718	8
3614719	3616771	28
3614762	3614769	8
3614814	3614819	8
3614966	3614970	8
3615189	3615230	26
3615207	3615263	13
3615210	3615214	25
3615241	3615600	9
3615264	3615265	13
3615621	3616246	4
3616108	3616649	6
3617428	3617849	6
3617692	3618970	29
3617747	3617789	8
3617846	3617951	8
3617911	3618942	0
3617966	3618266	8
3618223	3619159	14
3618232	3618830	9
3618688	3619229	6
3618743	3621415	28
3618870	3619063	26
3618895	3618914	25
3618943	3619024	25
3619137	3619155	9
3619213	3622385	29
3619959	3620613	0
3620035	3620247	26
3620068	3620609	6
3620071	3620080	25
3620081	3620163	25
3620164	3620192	25
3620574	3621898	14
3620581	3621821	9
3621079	3621598	26
3621508	3622049	6
3621800	3621808	27
3621836	3621908	26
3621883	3621922	9
3621937	3621964	3
3622008	3622055	7
3622011	3622019	15
3622062	3622108	7
3622647	3626156	28
3623320	3654625	6
3623524	3627101	29
3628246	3631842	29
3628600	3628947	0
3633297	3636887	29
3638670	3642243	29
3644125	3647706	29
3646965	3647308	0
3649614	3653197	29
3653304	3656808	9
3653320	3657229	26
3653338	3653375	25
3653464	3653507	25
3653650	3653731	13
3653724	3654302	12
3653732	3653738	13
3653791	3656652	0
3654302	3654303	13
3654312	3654313	13
3654314	3654315	13
3654316	3654328	13
3654871	3654917	7
3655042	3657670	16
3655058	3658630	29
3655182	3655254	13
3655197	3655366	25
3655256	3655257	13
3655394	3655443	25
3655454	3655487	13
3655508	3655632	10
3655631	3655964	22
3655637	3655668	10
3655780	3655839	10
3656040	3656048	8
3656214	3656404	12
3656329	3656418	7
3656658	3659156	0
3656933	3657623	9
3657366	3657374	8
3657395	3657407	25
3657527	3657566	13
3657533	3657535	25
3657567	3657568	13
3657569	3657570	13
3657571	3657572	13
3657573	3657574	13
3657652	3657653	3
3657673	3657692	9
3660171	3663760	29
3665636	3669223	29
3665867	3666364	0
3671279	3674865	29
3676842	3680418	29
3680262	3680680	0
3682417	3685999	29
3688041	3691642	29
3693197	3708466	27
3693229	3693730	9
3693340	3718294	11
3693537	3697133	29
3693551	3693567	26
3693627	3693687	10
3693733	3718318	16
3693907	3695101	26
3693988	3694042	13
3694043	3694046	13
3694047	3694049	13
3694290	3694766	12
3694373	3697192	0
3694992	3695047	9
3695126	3706928	30
3695264	3695318	10
3696228	3696277	3
3696245	3740848	6
3697871	3697874	8
3698844	3700255	4
3698933	3702506	29
3699259	3699269	8
3699322	3700246	9
3699800	3700449	3
3699928	3699974	7
3700030	3700075	7
3700168	3700237	26
3700211	3700259	13
3700214	3700219	25
3700260	3700264	13
3700265	3700272	13
3700273	3700275	13
3700278	3700279	13
3700396	3700445	7
3700409	3700427	15
3701054	3701562	0
3703235	3703258	14
3703239	3703253	4
3703346	3703437	10
3703529	3703557	26
3704240	3707819	29
3706267	3706327	10
3706708	3706964	22
3706890	3706891	18
3707001	3707063	10
3707012	3707063	26
3707046	3707090	13
3707049	3707053	25
3708376	3708393	8
3708832	3708879	3
3708898	3708982	26
3708956	3709005	13
3708962	3708967	25
3709213	3711418	29
3709795	3710229	0
3710806	3710828	10
3710927	3710958	10
3711553	3712752	29
3711963	3712047	26
3712009	3712057	13
3713027	3715809	29
3717029	3720612	29
3717880	3717882	8
3717926	3717983	9
3717992	3718201	26
3718009	3718094	25
3718138	3718179	13
3718180	3718190	13
3718191	3718193	13
3718194	3718195	13
3718220	3718261	25
3718227	3718289	26
3718292	3718708	0
3718322	3718375	3
3721864	3725463	29
3721939	3722918	28
3723906	3726259	28
3727224	3730806	29
3727631	3732877	28
3732748	3736328	29
3733211	3745849	28
3735366	3735726	0
3738217	3741789	29
3741267	3744628	6
3743594	3747192	29
3744361	3744406	7
3744927	3747808	6
3748120	3761977	28
3748287	3750988	6
3749003	3752594	29
3750211	3750256	7
3750309	3750325	16
3750331	3750421	13
3750346	3750388	25
3750408	3750436	25
3750508	3750524	25
3750631	3750690	10
3750632	3751135	0
3750659	3750746	25
3750839	3750843	8
3750894	3750982	10
3750995	3751004	8
3751287	3753088	6
3751672	3751716	8
3752556	3752561	8
3752699	3752757	8
3752824	3753353	8
3752960	3754166	0
3753415	3753659	9
3753567	3755548	6
3753674	3753688	9
3754164	3757756	29
3756027	3757948	6
3756190	3756200	8
3756217	3756236	16
3756507	3756521	8
3756528	3756583	9
3756603	3756615	8
3757391	3757402	8
3757425	3757430	8
3757478	3757561	8
3757557	3758072	0
3757881	3757883	8
3757968	3757970	8
3758399	3758401	8
3758419	3758420	8
3758427	3760288	6
3758454	3758456	8
3758584	3758585	8
3758695	3758697	8
3758801	3758804	8
3758877	3758880	8
3759019	3759025	8
3759046	3759052	8
3759160	3762737	29
3759305	3759332	8
3759356	3759364	8
3759360	3759401	13
3759363	3759365	25
3759403	3759406	8
3759788	3759790	8
3759903	3759907	8
3760592	3760595	8
3760770	3760772	8
3760784	3760787	8
3760827	3762568	6
3760860	3761236	0
3760901	3760915	8
3762718	3762740	8
3762755	3762762	8
3762787	3762793	8
3762884	3763081	8
3763047	3764368	6
3763082	3763092	20
3763105	3763844	0
3763139	3763150	8
3763223	3763346	8
3763590	3764678	32
3763598	3775546	28
3764047	3767628	29
3764637	3764723	13
3764649	3764655	25
3764724	3764725	13
3764847	3766108	6
3766527	3768208	6
3768627	3770008	6
3769204	3772791	29
3770427	3772348	6
3770631	3770707	13
3770643	3770658	25
3770695	3770704	8
3770757	3771104	0
3771193	3771273	13
3771274	3771275	13
3771276	3771277	13
3772707	3774028	6
3774310	3777892	29
3774387	3775528	6
3776007	3777268	6
3776587	3776589	8
3777687	3778648	6
3778486	3782893	32
3778493	3784830	28
3778542	3780264	26
3778594	3779557	12
3778597	3782374	4
3778683	3782816	0
3779067	3780027	6
3779118	3793863	22
3779388	3782965	29
3779665	3786313	9
3780267	3780807	6
3780277	3801155	27
3780290	3780579	26
3780582	3801210	16
3780665	3780675	30
3780681	3793381	30
3781167	3782187	6
3782667	3783927	6
3782821	3782944	0
3782949	3784477	0
3783419	3783427	8
3783499	3793890	11
3783704	3783708	8
3783943	3783947	8
3784051	3784054	8
3784103	3785550	29
3784355	3784362	8
3784398	3784411	10
3784415	3784842	10
3784467	3785487	6
3784845	3785019	10
3785104	3785138	8
3785242	3785247	8
3785285	3785287	8
3785313	3785580	10
3785365	3785411	8
3785661	3785665	8
3785679	3786886	29
3785889	3785891	8
3785963	3785965	8
3785967	3787287	6
3786130	3789982	0
3786321	3787554	26
3786365	3786415	13
3786413	3787214	12
3786531	3786614	8
3787130	3789972	29
3787283	3790736	32
3787290	3790753	28
3787562	3787591	9
3787752	3787908	3
3787914	3787926	9
3787929	3788608	9
3788625	3791942	4
3788654	3789927	9
3789056	3789802	26
3789068	3789074	25
3789085	3789089	25
3789113	3789118	25
3789629	3789634	25
3789987	3791648	0
3791104	3794698	29
3791901	3791962	10
3792688	3797158	32
3792698	3797652	28
3793191	3793200	8
3793245	3793250	8
3793268	3793273	4
3793376	3793755	8
3793571	3794714	0
3793858	3793944	9
3793885	3800885	1
3793931	3794028	4
3794003	3801195	14
3795764	3799351	29
3800683	3801135	4
3800687	3804274	29
3800776	3800889	22
3800948	3801098	26
3800969	3800999	13
3800985	3801054	25
3801000	3801001	13
3801002	3801003	13
3801004	3801005	13
3801007	3801008	13
3801009	3801010	13
3801013	3801014	13
3801023	3801604	0
3801206	3801223	3
3801272	3802448	6
3802513	3802760	6
3802830	3803066	6
3803139	3803376	6
3803448	3803692	6
3803762	3804048	6
3804123	3804380	6
3804456	3804774	6
3804856	3805119	6
3805196	3805472	6
3805552	3805790	6
3805661	3809254	29
3805865	3806185	6
3806268	3806501	6
3806576	3806823	6
3806897	3807192	6
3807267	3807546	6
3807621	3807884	6
3807963	3808235	6
3808273	3810074	32
3808281	3810079	28
3808310	3808566	6
3808639	3808958	6
3809035	3809313	6
3809390	3809676	6
3809755	3810083	6
3810162	3810433	6
3810510	3810789	6
3810866	3811187	6
3810884	3814476	29
3811248	3811589	0
3811269	3811596	6
3811676	3811860	6
3811931	3812126	6
3811939	3816296	32
3811946	3816300	28
3812198	3812502	6
3812579	3812794	6
3812864	3813080	6
3813150	3813394	6
3813466	3813744	6
3813819	3814061	6
3814134	3814469	6
3814547	3814784	6
3814857	3815164	6
3815241	3815507	6
3815583	3815841	6
3815918	3816167	6
3816242	3816496	6
3816273	3819849	29
3816570	3816759	6
3816829	3817091	6
3817167	3817408	6
3817483	3817725	6
3817800	3818072	6
3818007	3825526	32
3818014	3832256	28
3818150	3818439	6
3818520	3818747	6
3818819	3819086	6
3819165	3819430	6
3819506	3819831	6
3819912	3820206	6
3820288	3820520	6
3820595	3820843	6
3820918	3821136	6
3821209	3821518	6
3821600	3821851	6
3821784	3825370	29
3821929	3822241	6
3822322	3822608	6
3822689	3823011	6
3823095	3823353	6
3823431	3823693	6
3823772	3824038	6
3824116	3824369	6
3824444	3824644	6
3824717	3824968	6
3825044	3825342	6
3825423	3825746	6
3825825	3826109	6
3826185	3826563	6
3826646	3826936	6
3827012	3827267	6
3827268	3830862	29
3827337	3827649	6
3827724	3828032	6
3828109	3828455	6
3828536	3828791	6
3828864	3829185	6
3829262	3829536	6
3829611	3829902	6
3829977	3830272	6
3830265	3830622	0
3830350	3830648	6
3830727	3831001	6
3831079	3831444	6
3831532	3831783	6
3831865	3832133	6
3832214	3832379	6
3832451	3832662	6
3832587	3836173	29
3832738	3832755	6
3834070	3834190	13
3834088	3834153	25
3834158	3834161	25
3834189	3834213	25
3834245	3841728	32
3834255	3841744	28
3834315	3834378	10
3835063	3835147	7
3835102	3835107	15
3835191	3835584	0
3835424	3835437	25
3835493	3835495	25
3835538	3835592	25
3835613	3836081	9
3836219	3836309	10
3837266	3840855	29
3838091	3838102	8
3838177	3838223	7
3838651	3838665	15
3838652	3838699	7
3840094	3840432	0
3841628	3845207	29
3843967	3843970	8
3844103	3845191	12
3844104	3844116	13
3844117	3844119	13
3844120	3844121	13
3844123	3844135	13
3844233	3847035	0
3845274	3845335	13
3845365	3846783	9
3846407	3846474	8
3846507	3846908	10
3846706	3850279	29
3846846	3846879	13
3846866	3846992	26
3846880	3846888	13
3846889	3846890	13
3846891	3846892	13
3846933	3847430	10
3846970	3847098	25
3847040	3850218	0
3847146	3847616	12
3847573	3847633	10
3847659	3847692	10
3847711	3847750	10
3848889	3848949	10
3849132	3849133	8
3849599	3849634	8
3849640	3849673	8
3850019	3850065	13
3850024	3850026	25
3850066	3850069	13
3850070	3850071	13
3850168	3851922	32
3850173	3851937	28
3850223	3853109	0
3850541	3850619	13
3850620	3850621	13
3850700	3851536	9
3851586	3855170	29
3851935	3851936	8
3856684	3860273	29
3859414	3861003	32
3859424	3861008	28
3859928	3860376	0
3861991	3864655	29
3864555	3864756	9
3864579	3869548	32
3864586	3883866	28
3864714	3864791	13
3864725	3864729	25
3864788	3866031	29
3864954	3865032	9
3865106	3865109	8
3865247	3865346	10
3865863	3878059	23
3866275	3869056	29
3866553	3878070	11
3866733	3887929	16
3866755	3867946	6
3866812	3866858	7
3867050	3867062	15
3867050	3867098	7
3867199	3867474	8
3867303	3868163	0
3867899	3867915	9
3867949	3868032	26
3867999	3868044	13
3868008	3868267	6
3868058	3868065	9
3868335	3868747	6
3868829	3869219	6
3869303	3869670	6
3869751	3870101	6
3870093	3870194	9
3870099	3870179	26
3870144	3870224	13
3870151	3870155	25
3870159	3870208	10
3870178	3870480	6
3870225	3870275	8
3870340	3873927	29
3870554	3870856	6
3870928	3871268	6
3871217	3877948	22
3871336	3871759	0
3871343	3871774	6
3871783	3871785	8
3871854	3872223	6
3871867	3871920	8
3871997	3872000	8
3872305	3872612	6
3872529	3872543	8
3872688	3873012	6
3872906	3872924	8
3873089	3873313	6
3873103	3873105	8
3873382	3873796	6
3873879	3874211	6
3873986	3873994	8
3874005	3874022	8
3874054	3874466	0
3874210	3874222	8
3874289	3874530	6
3874594	3874602	9
3874604	3874938	6
3874969	3878550	29
3875016	3875324	6
3875400	3875727	6
3875804	3876146	6
3876024	3876241	8
3876228	3876697	6
3876282	3876829	0
3876298	3876303	8
3876336	3876390	26
3876341	3876348	8
3876348	3876383	13
3876366	3876369	25
3876785	3877072	6
3877153	3877406	6
3877484	3877690	6
3877760	3878169	6
3877855	3877867	8
3877871	3877873	8
3877886	3877888	8
3877934	3877944	8
3877964	3887500	1
3877976	3878417	9
3877979	3878429	4
3878078	3878147	26
3878106	3878175	13
3878176	3878177	13
3878257	3878404	6
3878469	3878833	6
3878916	3879154	6
3879232	3879533	6
3879610	3879948	6
3879614	3883201	29
3880031	3880107	6
3880226	3880793	6
3880946	3881247	6
3881486	3882071	6
3882866	3883648	6
3883476	3883630	4
3883488	3883590	26
3883519	3883595	13
3883539	3883567	25
3883597	3883598	13
3883641	3883984	0
3883712	3884006	6
3884081	3884255	6
3884329	3884596	6
3884397	3887971	29
3884675	3884847	6
3884941	3887809	4
3885746	3886525	6
3886586	3886790	6
3886861	3887075	6
3887149	3887247	6
3887496	3887591	27
3887618	3887792	26
3887649	3887677	13
3887656	3887726	25
3887801	3887903	14
3887859	3887938	3
3887972	3888018	7
3887973	3887975	15
3888146	3888995	6
3889067	3889314	6
3889082	3892653	29
3889394	3889617	6
3890606	3891427	6
3891499	3891721	6
3891798	3892083	6
3891994	3892307	0
3892170	3892227	6
3893186	3893944	6
3893863	3897455	29
3894008	3894315	6
3894398	3894616	6
3895706	3896422	6
3896480	3896720	6
3896797	3897046	6
3897126	3897147	6
3898166	3898929	6
3898996	3899258	6
3899014	3902587	29
3899338	3899487	6
3900566	3901354	6
3901414	3901658	6
3901734	3901938	6
3902015	3902202	6
3903266	3904011	6
3904069	3904311	6
3904376	3907960	29
3904386	3904627	6
3904709	3904826	6
3905966	3906731	6
3906793	3907132	6
3907213	3907458	6
3907536	3907706	6
3908786	3909596	6
3909661	3909921	6
3909869	3913451	29
3909995	3910209	6
3910284	3910466	6
3911606	3912432	6
3912496	3912704	6
3912774	3912952	6
3913016	3913233	6
3913304	3913577	6
3914726	3915522	6
3915247	3915332	13
3915252	3918825	29
3915333	3915334	13
3915335	3915431	13
3915432	3915433	13
3915492	3915580	13
3915582	3915864	6
3915635	3915720	13
3915662	3915731	25
3915679	3917617	26
3915701	3916335	0
3915722	3915723	13
3915824	3916029	25
3915940	3916289	6
3916054	3917632	9
3916386	3916466	6
3916697	3916777	10
3917426	3918297	6
3917774	3917818	8
3918050	3918069	13
3918057	3918082	25
3918070	3918084	13
3918082	3918177	25
3918085	3918086	13
3918147	3918203	26
3918211	3918771	0
3918372	3918384	8
3918457	3918515	10
3919819	3919841	9
3920337	3923925	29
3921460	3924503	21
3921780	3922205	0
3924498	3924601	13
3924602	3924603	13
3924867	3924976	13
3924877	3924901	25
3925539	3929115	29
3927257	3930098	31
3927343	3930044	21
3927385	3927841	0
3927400	3927417	8
3928445	3928473	8
3929727	3929738	8
3930179	3930195	8
3930213	3930215	8
3930274	3930356	13
3930282	3930287	25
3930475	3930490	25
3930696	3930700	8
3930725	3934301	29
3930752	3930754	10
3930757	3930818	10
3930809	3931165	0
3930823	3930871	10
3931850	3932848	31
3932952	3936905	31
3933956	3934001	10
3934605	3934613	8
3934632	3934642	8
3934644	3934669	8
3934672	3934673	8
3934864	3935418	8
3935074	3935964	0
3935419	3935444	8
3936018	3939590	29
3939481	3939518	13
3939490	3939494	25
3939519	3939522	13
3939523	3939524	13
3939527	3939528	13
3940671	3940744	13
3940746	3940747	13
3941141	3944723	29
3943924	3943927	8
3944006	3944394	0
3944164	3944238	25
3944190	3944376	26
3945077	3945084	8
3945644	3945686	13
3945687	3945688	13
3946134	3949737	29
3951283	3954865	29
3952307	3952310	8
3953848	3961427	11
3953865	3977924	27
3953917	3953926	14
3953982	3954051	10
3955921	3961371	26
3955944	3961396	9
3955958	3956034	13
3955972	3955978	25
3956084	3956425	0
3956397	3959968	29
3956762	3956812	13
3956762	3957013	12
3956813	3956815	13
3956931	3959503	0
3957009	3957014	13
3957011	3957013	12
3957015	3957016	13
3957146	3957149	25
3957157	3957170	25
3957267	3957296	25
3957297	3957328	25
3957607	3978093	16
3957638	3957715	13
3957641	3958388	12
3957656	3957674	14
3957716	3957718	13
3958390	3958391	13
3958392	3958410	13
3958411	3958412	13
3958979	3958999	3
3959042	3959066	17
3959241	3959294	17
3959482	3959568	17
3959508	3962637	0
3960003	3960063	3
3960030	3961271	6
3960685	3960687	25
3961310	3961344	13
3961326	3961649	6
3961329	3961333	25
3961345	3961347	13
3961380	3961435	26
3961527	3965011	29
3961717	3962405	6
3962489	3962900	6
3962977	3963419	6
3963497	3963799	6
3963874	3964213	6
3964290	3964571	6
3964643	3965072	6
3965144	3966423	29
3965151	3965440	6
3965512	3965781	6
3965849	3966154	6
3966233	3966499	6
3966576	3967009	6
3966664	3969477	29
3967094	3967351	6
3967420	3967761	6
3967837	3968160	6
3968230	3968625	6
3968702	3969058	6
3969135	3969451	6
3969526	3969831	6
3969905	3970350	6
3969974	3970486	0
3970405	3971302	26
3970423	3970588	11
3970427	3970660	6
3970487	3970562	13
3970563	3970564	13
3970692	3974282	29
3970731	3971012	6
3970746	3970859	13
3970754	3970813	25
3971017	3977636	22
3971085	3971416	6
3971151	3978040	9
3971493	3971849	6
3971929	3972222	6
3972301	3972583	6
3972662	3972913	6
3972856	3973294	0
3972986	3973259	6
3973332	3973516	6
3973587	3973802	6
3973874	3974203	6
3974284	3974586	6
3974666	3974888	6
3974961	3975131	6
3975201	3975447	6
3975301	3978855	29
3975523	3975788	6
3975864	3976111	6
3976187	3976501	6
3976582	3976857	6
3976935	3977299	6
3977274	3977481	26
3977292	3977316	13
3977309	3977388	25
3977317	3977319	13
3977320	3977321	13
3977324	3977325	13
3977384	3977607	6
3977683	3977963	6
3977758	3978164	0
3977897	3978027	26
3977917	3977997	14
3977963	3978044	13
3977976	3978012	25
3978035	3978056	27
3978040	3978333	6
3978073	3978093	3
3978414	3978726	6
3978808	3979070	6
3979147	3979425	6
3979505	3979729	6
3979799	3980033	6
3980104	3980325	6
3980165	3983747	29
3980393	3980677	6
3980754	3980976	6
3981050	3981301	6
3981376	3981638	6
3981715	3982044	6
3982130	3982335	6
3982412	3982688	6
3982768	3983094	6
3983176	3983450	6
3983536	3983800	6
3983879	3984240	6
3984326	3984566	6
3984642	3984886	6
3984961	3985184	6
3985255	3985473	6
3985320	3988908	29
3985543	3985826	6
3985908	3986140	6
3986215	3986425	6
3986495	3986713	6
3986790	3987031	6
3987107	3987350	6
3987427	3987689	6
3987767	3988000	6
3988075	3988285	6
3988359	3988597	6
3988676	3989011	6
3989099	3989407	6
3989491	3989784	6
3989866	3990085	6
3990161	3990418	6
3990500	3990742	6
3990748	3994338	29
3990822	3991065	6
3991144	3991350	6
3991427	3991666	6
3991745	3991940	6
3992010	3992300	6
3992015	3992351	0
3992377	3992652	6
3992731	3992962	6
3993036	3993252	6
3993324	3993648	6
3993730	3993870	6
3993939	3994278	6
3994359	3994602	6
3994678	3994927	6
3995001	3995238	6
3995311	3995627	6
3995709	3995966	6
3996042	3996288	6
3996114	3999711	29
3996363	3996733	6
3996820	3997135	6
3997221	3997595	6
3997688	3997898	6
3997975	3998324	6
3998408	3998661	6
3998739	3999118	6
3999213	3999436	6
3999515	3999984	6
4000080	4000341	6
4000421	4000657	6
4000731	4000965	6
4001042	4001280	6
4001353	4001584	6
4001476	4005054	29
4001661	4001933	6
4002013	4002262	6
4002339	4002600	6
4002678	4002925	6
4003000	4003257	6
4003333	4003524	6
4003598	4003874	6
4003956	4004230	6
4004314	4004547	6
4004627	4004860	6
4004941	4005165	6
4005251	4005444	6
4005525	4005693	6
4005773	4005971	6
4006051	4006230	6
4006308	4006482	6
4006559	4006717	6
4006792	4006984	6
4006824	4010397	29
4007062	4007249	6
4007332	4007487	6
4007565	4007828	6
4007923	4008076	6
4008154	4008324	6
4008399	4008446	6
4009885	4010790	6
4009957	4010028	13
4010029	4010032	13
4010382	4010480	13
4010401	4010443	25
4010584	4010630	25
4010625	4011052	0
4010713	4010805	10
4010858	4011223	6
4011089	4014352	21
4011310	4011529	6
4011606	4011821	6
4011893	4011967	6
4012091	4012111	25
4012132	4012160	25
4012149	4015737	29
4012201	4012314	13
4012216	4012217	25
4012291	4012349	10
4012334	4012767	0
4012778	4012790	8
4013244	4013500	9
4014127	4014137	25
4014391	4018533	31
4014618	4017900	21
4014870	4015273	0
4017230	4020810	29
4020040	4020043	8
4020053	4020056	8
4020469	4020473	8
4020480	4020485	8
4020687	4020697	8
4020820	4020826	8
4021715	4021719	8
4021801	4021862	10
4021980	4021997	8
4022012	4025583	29
4022566	4022883	0
4023671	4023759	13
4023685	4023708	25
4023729	4023736	8
4023795	4023799	8
4027065	4030652	29
4029140	4029183	13
4029158	4029926	26
4029182	4029633	12
4029297	4031792	0
4029847	4029911	25
4030037	4030110	13
4030058	4030149	25
4030059	4030176	26
4030301	4034010	31
4030334	4031140	9
4030730	4030895	16
4032186	4035785	29
4037501	4041097	29
4038990	4039447	0
4041393	4041869	27
4041416	4041855	9
4041522	4041922	16
4041737	4041872	19
4041785	4050262	11
4041789	4045932	31
4041835	4044211	21
4041871	4058610	27
4041879	4041919	9
4041951	4041962	8
4042113	4042124	8
4042214	4042814	10
4042219	4042726	0
4042239	4055924	22
4042345	4042348	8
4042413	4042417	8
4042458	4046049	29
4042570	4042571	8
4042591	4042592	8
4042682	4042707	8
4042839	4043433	10
4042887	4042893	8
4042976	4042978	8
4043241	4043244	8
4043296	4043305	8
4043416	4043418	8
4043476	4043488	8
4043518	4043520	8
4043597	4043598	8
4043601	4043606	8
4043635	4043637	8
4043699	4043701	8
4043731	4043812	8
4044063	4044065	8
4044172	4044178	8
4044233	4044236	8
4044313	4044700	0
4044393	4044394	8
4044664	4052549	5
4044800	4044805	8
4044913	4044955	8
4045537	4045539	8
4045673	4045675	8
4045917	4045919	8
4046092	4046095	8
4046152	4046156	8
4046254	4050227	31
4046269	4046273	8
4046279	4046293	9
4046282	4046285	8
4046297	4046301	8
4046358	4046396	8
4046440	4046704	8
4046536	4047154	0
4046712	4046741	8
4046752	4046771	8
4046967	4058647	16
4046978	4047377	9
4047285	4049740	29
4047400	4047401	4
4047402	4047407	9
4047426	4047538	26
4047473	4047474	25
4047537	4047564	8
4047547	4048476	9
4047585	4047589	8
4047668	4058742	3
4047707	4048801	6
4047862	4047870	8
4048254	4048256	8
4048479	4048482	8
4048602	4050257	18
4048865	4049157	6
4049225	4049481	6
4049551	4049715	6
4049583	4049661	8
4049674	4049692	8
4049693	4050594	0
4049724	4049894	8
4049778	4050001	6
4049875	4051167	29
4049883	4055472	2
4049894	4049956	8
4050008	4050012	8
4050067	4050144	6
4050102	4050106	8
4050155	4050156	8
4050207	4050579	6
4050208	4050268	19
4050217	4058584	4
4050656	4050909	6
4050836	4051120	9
4050979	4051178	6
4051153	4051201	26
4051179	4051254	13
4051239	4051534	6
4051255	4051256	13
4051410	4054614	29
4051606	4051820	6
4051883	4052121	6
4052193	4052405	6
4052479	4052650	6
4052607	4052609	8
4052717	4052971	6
4053049	4053296	6
4053134	4053521	0
4053368	4053577	6
4053646	4053822	6
4053884	4054067	6
4054136	4054346	6
4054418	4054655	6
4054724	4054953	6
4055019	4055323	6
4055404	4055649	6
4055429	4055490	26
4055472	4055524	13
4055474	4055479	25
4055525	4055528	13
4055530	4055535	13
4055536	4055537	13
4055716	4056021	6
4055812	4059644	29
4055845	4055849	8
4056100	4056444	6
4056528	4056864	6
4056948	4057210	6
4057290	4057503	6
4057497	4057590	26
4057551	4057630	13
4057577	4057861	6
4057942	4058139	6
4058212	4058521	6
4058251	4058273	9
4058349	4058561	26
4058377	4058414	13
4058389	4058458	25
4058415	4058418	13
4058419	4058420	13
4058421	4058422	13
4058423	4058424	13
4058425	4058426	13
4058491	4058925	0
4058604	4058614	14
4058604	4058936	6
4059014	4059380	6
4059466	4059774	6
4059857	4060219	6
4060302	4060632	6
4060643	4064234	29
4060713	4060951	6
4060804	4060850	28
4061027	4061303	6
4061386	4061671	6
4061755	4061845	6
4062564	4063213	6
4063277	4063518	6
4063592	4063896	6
4063977	4064232	6
4064311	4064495	6
4064570	4064832	6
4064911	4065226	6
4065304	4068886	29
4065312	4065542	6
4065618	4065880	6
4065959	4066165	6
4066884	4067625	6
4067688	4067962	6
4068038	4068211	6
4068283	4068576	6
4068656	4068938	6
4069021	4069279	6
4069358	4069635	6
4069718	4069988	6
4070068	4070327	6
4070407	4070545	6
4070428	4074017	29
4070664	4070785	6
4071564	4072307	6
4072369	4072584	6
4072652	4072935	6
4073014	4073259	6
4073338	4073618	6
4073698	4073960	6
4073989	4075260	28
4074042	4074216	6
4074284	4074692	6
4074641	4074965	0
4074775	4075008	6
4075080	4075369	6
4075450	4075755	6
4075838	4076199	6
4075868	4079451	29
4077024	4077851	6
4077383	4078774	28
4077920	4078230	6
4078306	4078652	6
4078734	4079003	6
4078809	4087426	28
4079081	4079368	6
4079445	4079764	6
4079845	4080131	6
4080208	4080443	6
4080514	4080797	6
4080871	4081221	6
4081290	4084884	29
4081304	4081641	6
4081724	4082075	6
4082156	4082522	6
4082605	4082945	6
4083028	4083681	6
4083787	4084031	6
4084111	4084412	6
4084491	4084729	6
4084806	4085098	6
4085173	4085465	6
4085275	4088898	26
4085366	4085443	13
4085377	4085404	25
4085465	4085536	25
4085541	4085837	6
4085606	4086329	12
4085666	4087479	0
4085916	4086218	6
4086297	4086620	6
4086452	4086830	9
4086624	4090194	29
4086699	4086764	6
4086904	4086959	13
4086960	4086961	13
4087034	4087192	25
4087247	4089025	9
4087260	4087264	8
4087324	4087379	10
4087427	4087782	22
4087484	4087742	0
4087520	4087535	8
4087719	4087731	8
4087747	4088472	0
4087788	4087879	10
4087879	4090292	28
4087972	4088002	10
4088332	4088454	13
4088358	4088371	25
4088379	4088621	12
4088455	4088457	13
4088477	4091643	0
4088626	4088627	13
4088639	4088640	13
4088872	4143415	16
4088925	4089335	26
4088972	4088974	25
4089412	4089564	9
4089510	4089516	8
4091568	4095146	29
4096873	4100459	29
4097370	4097873	0
4102376	4105949	29
4105693	4107223	32
4105701	4107241	28
4108004	4111593	29
4110561	4110964	0
4111250	4112877	32
4111258	4112894	28
4113662	4117234	29
4117469	4118369	32
4117477	4128474	28
4119258	4122846	29
4124865	4128459	29
4126409	4143108	27
4126433	4126694	9
4126552	4142985	11
4126558	4126564	8
4126652	4128039	26
4126754	4126828	10
4127125	4127130	8
4127139	4127148	8
4127154	4128096	9
4127219	4127260	13
4127248	4143425	3
4127253	4127817	12
4127261	4128468	6
4127291	4127372	7
4127321	4130326	0
4127471	4127621	7
4127496	4127497	15
4127622	4127623	7
4127825	4127826	13
4128121	4134674	4
4128528	4128946	6
4129025	4129809	6
4129913	4130145	6
4129943	4129953	9
4129956	4129957	30
4129999	4131910	18
4130220	4130510	6
4130281	4133109	29
4130325	4132707	28
4130400	4130402	8
4130516	4130519	8
4130538	4130801	8
4130583	4130937	6
4130819	4131639	0
4131014	4131254	6
4131265	4131280	8
4131323	4131715	6
4131508	4131512	8
4131641	4131643	8
4131792	4132043	6
4131907	4142665	22
4132021	4132023	8
4132119	4132454	6
4132230	4132231	8
4132529	4132832	6
4132910	4133178	6
4132911	4132913	8
4132975	4132977	8
4133000	4133005	8
4133152	4133158	8
4133245	4134453	29
4133255	4133525	6
4133449	4133451	8
4133603	4133859	6
4133671	4133672	8
4133777	4133779	8
4133871	4133876	8
4133934	4134183	6
4134049	4134195	8
4134166	4134848	0
4134196	4134205	8
4134257	4134615	6
4134457	4134473	8
4134535	4134562	8
4134651	4136222	28
4134697	4137547	29
4134700	4135054	6
4134783	4134842	10
4135134	4135484	6
4135564	4135833	6
4135856	4135866	8
4135881	4135910	8
4135913	4136228	6
4135970	4136029	10
4136001	4143062	4
4136067	4136362	9
4136303	4136533	6
4136612	4136890	6
4136970	4137231	6
4137140	4137153	8
4137255	4137335	8
4137309	4137609	6
4137362	4137880	0
4137422	4137425	8
4137455	4137463	19
4137469	4137579	26
4137514	4137582	13
4137583	4137584	13
4137688	4137897	6
4137956	4137960	8
4137971	4138243	6
4138014	4138015	30
4138075	4139669	28
4138319	4138566	6
4138377	4138576	8
4138615	4138618	8
4138640	4138834	6
4138643	4138645	8
4138646	4139252	0
4138649	4138656	8
4138674	4138733	10
4138712	4142292	29
4138763	4138771	9
4138828	4138844	8
4138902	4139247	6
4139141	4139166	8
4139211	4139225	8
4139236	4139245	8
4139326	4139625	6
4139705	4139953	6
4140032	4140263	6
4140339	4140587	6
4140663	4140851	6
4140924	4141157	6
4141234	4141436	6
4141511	4141770	6
4141848	4142056	6
4142128	4144553	28
4142129	4142492	6
4142577	4142851	6
4142928	4143164	6
4142993	4143401	26
4143006	4143045	9
4143016	4143092	13
4143025	4143125	25
4143094	4143411	14
4143147	4143728	0
4143204	4143372	9
4143237	4143508	6
4143248	4143287	13
4143253	4143275	25
4143286	4143315	25
4143297	4146885	29
4143317	4143328	25
4143425	4143449	3
4143583	4143824	6
4143901	4144227	6
4144312	4144588	6
4144675	4144897	6
4144976	4145207	6
4145285	4145484	6
4145604	4145724	6
4146144	4146264	6
4146624	4147338	6
4147407	4147658	6
4147739	4148091	6
4148189	4148403	6
4148301	4151896	29
4148485	4148737	6
4148821	4149051	6
4149129	4149386	6
4149468	4149564	6
4150404	4151121	6
4151182	4151458	6
4151538	4151833	6
4151919	4152157	6
4152237	4152442	6
4152520	4152739	6
4152816	4153074	6
4153156	4153315	6
4153388	4153658	6
4153537	4157117	29
4153739	4153952	6
4154030	4154339	6
4154082	4155383	28
4154425	4154704	6
4154785	4155035	6
4155112	4155402	6
4155195	4155512	0
4155481	4155767	6
4155851	4156013	6
4156944	4157684	6
4157386	4158717	28
4157744	4158040	6
4158118	4158425	6
4158508	4158879	6
4158969	4159197	6
4159104	4162701	29
4159284	4160184	6
4160304	4160424	6
4160511	4162053	28
4161264	4162037	6
4162107	4162310	6
4162385	4162598	6
4162674	4162898	6
4162976	4163214	6
4163295	4163538	6
4163517	4164938	28
4163620	4163921	6
4164005	4164260	6
4164338	4164595	6
4164612	4168195	29
4164672	4164924	6
4165001	4165212	6
4165217	4177218	28
4165288	4165529	6
4165608	4165812	6
4165884	4166166	6
4166244	4166497	6
4166577	4166839	6
4166918	4167178	6
4167257	4167470	6
4167546	4167811	6
4167892	4168313	6
4168407	4168647	6
4168726	4169016	6
4169098	4169324	6
4169400	4169701	6
4169780	4170024	6
4170141	4173714	29
4170744	4171467	6
4171530	4171848	6
4171690	4174503	26
4171696	4171708	25
4171784	4171903	25
4171911	4176310	0
4171927	4172203	6
4171997	4172076	13
4172101	4172185	13
4172178	4172773	12
4172284	4172528	6
4172606	4172876	6
4172902	4175050	9
4172957	4173108	6
4173131	4173307	25
4173227	4174061	16
4173361	4173387	13
4173367	4173371	25
4173388	4173389	13
4173456	4173461	8
4173457	4173459	10
4173462	4173524	10
4173937	4173955	8
4174055	4174177	10
4174128	4174404	12
4174186	4174216	10
4174402	4174404	12
4174963	4175671	26
4175017	4175019	25
4175045	4178637	29
4175300	4175963	9
4175588	4175596	8
4175833	4175943	13
4175851	4175876	25
4176315	4177956	0
4180153	4183738	29
4185207	4185694	0
4185576	4189173	29
4191025	4194603	29
4196614	4200212	29
4201096	4201933	32
4201106	4201941	28
4201291	4201676	0
4202256	4205828	29
4203918	4209711	32
4203925	4209732	28
4207917	4211500	29
4212297	4214248	32
4212304	4214253	28
4212489	4229591	27
4212508	4212810	9
4212560	4212690	26
4212622	4212655	12
4212727	4212742	8
4212737	4228648	11
4212795	4212886	10
4212814	4213565	26
4212894	4213299	12
4212899	4212933	13
4212934	4212936	13
4212963	4215343	0
4212987	4213079	10
4213066	4213163	24
4213173	4213217	24
4213303	4213310	13
4213472	4217052	29
4213499	4213558	9
4213811	4213895	24
4213896	4213926	24
4214080	4214089	8
4214276	4214306	9
4215146	4215232	9
4215715	4229618	16
4215721	4216266	26
4215959	4216268	32
4215969	4228881	28
4216236	4216310	13
4216361	4216876	8
4216574	4218148	0
4216901	4228563	22
4216936	4217024	8
4217026	4217027	8
4217184	4217187	8
4217232	4217233	8
4217330	4217450	10
4217379	4217404	8
4217480	4217598	10
4217601	4217603	8
4217646	4217650	8
4217654	4217668	8
4217911	4217919	8
4218427	4218429	8
4218484	4219963	29
4218840	4218842	8
4219227	4219228	8
4219362	4219363	8
4219847	4219867	8
4219915	4219917	8
4219998	4220001	8
4220058	4220060	8
4220097	4221335	29
4220265	4220289	8
4220400	4228480	30
4220625	4220630	4
4220637	4220716	26
4221112	4221113	8
4221156	4221574	0
4221580	4224544	29
4221959	4221988	26
4222026	4222028	8
4225665	4229264	29
4226609	4226632	9
4226632	4226635	8
4226934	4226962	8
4227025	4227028	8
4228113	4228134	8
4228226	4228470	26
4228244	4228250	8
4228251	4228256	8
4228317	4228917	0
4228337	4228347	25
4228342	4228439	8
4228403	4228441	25
4228479	4228480	18
4228503	4228509	8
4228558	4228619	10
4228659	4229607	9
4229114	4229281	26
4229137	4229213	13
4229224	4229228	25
4229313	4229544	26
4229321	4229380	25
4229384	4229392	25
4229414	4229452	13
4229417	4229440	25
4229611	4229645	3
4229648	4230628	6
4229860	4230287	0
4230221	4233799	29
4230688	4230960	6
4230762	4230918	32
4230769	4230925	28
4231035	4231339	6
4231422	4231701	6
4231785	4231992	6
4232070	4232315	6
4232399	4232670	6
4232756	4232964	6
4233044	4233314	6
4233399	4233690	6
4233781	4233924	6
4234763	4235494	6
4234917	4238507	29
4235560	4235836	6
4235917	4236184	6
4236267	4236504	6
4237343	4238074	6
4238139	4238415	6
4238497	4238664	6
4239683	4240457	6
4240010	4243608	29
4240519	4240786	6
4240866	4241091	6
4242203	4242968	6
4243029	4243233	6
4243308	4243532	6
4243609	4243764	6
4243650	4243961	0
4244963	4245788	6
4245294	4248895	29
4245854	4246087	6
4246166	4246401	6
4247543	4248291	6
4248351	4248551	6
4248622	4248858	6
4248936	4249044	6
4250243	4251062	6
4250705	4254292	29
4251130	4251381	6
4251459	4251639	6
4251712	4251804	6
4251750	4255229	32
4251755	4255245	28
4252943	4253763	6
4253829	4254074	6
4254153	4254397	6
4255643	4256379	6
4256292	4259877	29
4256437	4256697	6
4256773	4257019	6
4256883	4258833	32
4256889	4258849	28
4257100	4257264	6
4258075	4258100	9
4258117	4261299	26
4258162	4258242	13
4258173	4258186	25
4258267	4258341	25
4258381	4259230	12
4258451	4259367	0
4258523	4259413	6
4259350	4262383	9
4259372	4265613	0
4259506	4259591	25
4259709	4259768	10
4259805	4259807	8
4260182	4260293	16
4260293	4260399	13
4260304	4260332	25
4260541	4260633	25
4260679	4260962	12
4261000	4262441	16
4261061	4261202	10
4261235	4262044	32
4261244	4262051	28
4261311	4261317	8
4261476	4265068	29
4261520	4262338	26
4261626	4262111	22
4261981	4261984	25
4262053	4262068	8
4262135	4262154	25
4262403	4262438	26
4262475	4262498	9
4262569	4262591	9
4263788	4264219	32
4263795	4264223	28
4266655	4270228	29
4269283	4269285	28
4269283	4269581	32
4269290	4269588	28
4271761	4272244	0
4272079	4275660	29
4273130	4273669	32
4273137	4273674	28
4278966	4281303	29
4283313	4286886	29
4285452	4285858	0
4288893	4292466	29
4290324	4296983	32
4290331	4297000	28
4294497	4298079	29
4298286	4298984	9
4298559	4314005	11
4298568	4298571	8
4298614	4298616	8
4298632	4298676	10
4298695	4298697	8
4298935	4300411	26
4299057	4300767	32
4299064	4300772	28
4299141	4299185	13
4299186	4299200	8
4299194	4299292	25
4299286	4299360	10
4299321	4299362	25
4299347	4301646	0
4299444	4299842	12
4299980	4303573	29
4300217	4300511	9
4300314	4314323	27
4300429	4300482	26
4300496	4314044	4
4300514	4314347	16
4302087	4302897	26
4302709	4302844	13
4302729	4302740	25
4302810	4302812	25
4302845	4302846	13
4303002	4303011	9
4303018	4303126	26
4303165	4303217	10
4305134	4313315	32
4305137	4305164	26
4305139	4313331	28
4305263	4306691	0
4305315	4313983	22
4305349	4308944	29
4305354	4305528	8
4305544	4305573	8
4305619	4305635	8
4305835	4306105	8
4306266	4306267	8
4306401	4306403	8
4306548	4306555	8
4306648	4306650	8
4306761	4306766	8
4307293	4307376	26
4307320	4307345	13
4307322	4307335	25
4307334	4307338	8
4307346	4307348	13
4307440	4307444	8
4307560	4307563	8
4307786	4307789	8
4307960	4307963	8
4308107	4308109	8
4308408	4308410	8
4308497	4308505	8
4308672	4308673	8
4308837	4309239	0
4308869	4308870	8
4309078	4310314	29
4310521	4310583	10
4310558	4313449	29
4310871	4310933	10
4311821	4311833	8
4311839	4311869	8
4311967	4312061	8
4312075	4312103	8
4312123	4312131	8
4312150	4312654	0
4312171	4312179	8
4312262	4312680	9
4312716	4312997	26
4312790	4312826	13
4312820	4312838	25
4312827	4312829	13
4312880	4312927	25
4312934	4312962	25
4313002	4313008	9
4313479	4313491	25
4313493	4313743	26
4313528	4313603	13
4313552	4313645	25
4313647	4314176	0
4314043	4314407	3
4314061	4314260	26
4314061	4315026	6
4314129	4314161	13
4314318	4314328	14
4314556	4318126	29
4315094	4315163	6
4315478	4317320	32
4315486	4317325	28
4317502	4318382	6
4319129	4322720	29
4320622	4321343	6
4323562	4324103	6
4324033	4327608	29
4324222	4324463	6
4325803	4326110	0
4326562	4327343	6
4329085	4332681	29
4329382	4330223	6
4332202	4332743	6
4333822	4334483	6
4334258	4337842	29
4335982	4336883	6
4338502	4339414	6
4339646	4343244	29
4340842	4341744	6
4343122	4344017	6
4344077	4344383	6
4344530	4348940	26
4344628	4344712	13
4344642	4344800	25
4344777	4349664	0
4344886	4344966	13
4344967	4344972	13
4344973	4344975	13
4344976	4344977	13
4345005	4345087	13
4345006	4348587	29
4345084	4345639	12
4345088	4345089	13
4345642	4345959	6
4345792	4347018	9
4345995	4346076	25
4346124	4346162	13
4346163	4346164	13
4346166	4346167	13
4346216	4346223	8
4346237	4346297	10
4346279	4346281	8
4346321	4346348	8
4346528	4346596	13
4346541	4346549	25
4347046	4347166	10
4347175	4347205	10
4347323	4348877	9
4347475	4347567	13
4347489	4347497	25
4347493	4347699	12
4347568	4347570	13
4347591	4347622	16
4347694	4347697	12
4347698	4347705	13
4347706	4347707	13
4347798	4348883	16
4348114	4348148	13
4348149	4348150	13
4348151	4348152	13
4348252	4348256	8
4348612	4348630	8
4348637	4348639	25
4349939	4353539	29
4355272	4358849	29
4355496	4355970	0
4360732	4364313	29
4366271	4369866	29
4369594	4369989	0
4371867	4375447	29
4377583	4381178	29
4383092	4386670	29
4388462	4392044	29
4393179	4402034	27
4393202	4394430	9
4393270	4394469	26
4393359	4393433	13
4393365	4393381	25
4393430	4397565	0
4393434	4393435	13
4393468	4393480	11
4393568	4402419	16
4393656	4394128	12
4393661	4393714	13
4393839	4397414	29
4394134	4394155	13
4394156	4394157	13
4394558	4394641	8
4394667	4394728	10
4394828	4394889	10
4394834	4401959	22
4394907	4394908	8
4395100	4395154	10
4395545	4395583	10
4395811	4395817	8
4395831	4395835	8
4395850	4396540	8
4396572	4396574	8
4396892	4397316	9
4397299	4402088	4
4397563	4398140	26
4397641	4397746	13
4397757	4397834	13
4397835	4397836	13
4397837	4397839	13
4397841	4397842	13
4397844	4397845	13
4398070	4398160	13
4398078	4398101	25
4398161	4398162	13
4398163	4398164	13
4398896	4400386	29
4399013	4399488	0
4400520	4401747	29
4401674	4401693	25
4401696	4401916	26
4401761	4401827	25
4401991	4404742	29
4402053	4402406	9
4402079	4402679	0
4402100	4402300	26
4402102	4402430	3
4402105	4405942	6
4402115	4402137	13
4402123	4402206	25
4405961	4409538	29
4406842	4408102	6
4409182	4410682	6
4410793	4414370	29
4411882	4413322	6
4413360	4413686	0
4414642	4416142	6
4416022	4419623	29
4417582	4418902	6
4420342	4421722	6
4421512	4425083	29
4421922	4423873	32
4421929	4423878	28
4423102	4424302	6
4424427	4433065	32
4424435	4433080	28
4425802	4426882	6
4426962	4430546	29
4428022	4429222	6
4430302	4431262	6
4430990	4435547	26
4431046	4431126	13
4431053	4431075	25
4431127	4431128	13
4431129	4431131	13
4431132	4431133	13
4431135	4431137	25
4431207	4431252	25
4431283	4437064	0
4431295	4431376	13
4431427	4431500	13
4431512	4432122	12
4432256	4433389	9
4432319	4432401	17
4432470	4436068	29
4432580	4432603	13
4432584	4432681	25
4432605	4432606	13
4432610	4432611	13
4432811	4432871	10
4432936	4432942	8
4433273	4433278	8
4433280	4433283	8
4433487	4433546	10
4433561	4433693	10
4433726	4433733	8
4433790	4434807	9
4434039	4434146	13
4434055	4434082	25
4434217	4435623	16
4434240	4434547	12
4434863	4435639	9
4435233	4435234	25
4435327	4435334	8
4435343	4435345	25
4435357	4435358	25
4437378	4440961	29
4442618	4446210	29
4443397	4443899	0
4448066	4451643	29
4453655	4457256	29
4455509	4457581	32
4455517	4457586	28
4457992	4458381	0
4459251	4462837	29
4463134	4471373	32
4463141	4471391	28
4464921	4468510	29
4470451	4474033	29
4471570	4471571	27
4471616	4472019	9
4471676	4478808	28
4471681	4478793	32
4471755	4471775	26
4471779	4471782	8
4471822	4472334	16
4471937	4471979	10
4472046	4472206	19
4472136	4475365	21
4472230	4472243	9
4472270	4472272	8
4472310	4472330	9
4472338	4472817	0
4472654	4472737	26
4472685	4472768	13
4472742	4472758	9
4475152	4477729	4
4475669	4479252	29
4476575	4481048	14
4476582	4480853	19
4476716	4479920	31
4476747	4479640	21
4477289	4477383	26
4477333	4477338	9
4477334	4477402	13
4477394	4477404	16
4477403	4477404	13
4477560	4477942	0
4479462	4480006	9
4479604	4479843	26
4480055	4480060	9
4480275	4480283	9
4480275	4480853	16
4480455	4482602	31
4480483	4480768	9
4480580	4480669	26
4480758	4484354	29
4485892	4489486	29
4491078	4492798	29
4531902	4532224	12
